season,book,rule,tickets,staked,net,roi,ci_lo,ci_hi,singles_roi,singles_hit,moon_roi,moon_cash,median_leg,pct_legs_over500
2024,weak,old_rawEV_nocap,414,558.0,1562.1,2.7994525089605733,1.9077807276039613,3.79769885120948,0.9740740740740741,0.3925925925925926,4.510744791666666,0.3263888888888889,430,0.36752136752136755
2024,weak,mkt50_nocap,420,564.0,184.4,0.3268978280141844,0.15064502667157564,0.5011439174129934,0.1983695652173913,0.4311594202898551,0.45007074652777784,0.3472222222222222,165,0.0
2024,weak,new_w50_nocap,408,552.0,911.5,1.6513152173913044,0.5989437290718359,3.2368930163380365,0.6893939393939394,0.2765151515151515,2.533076388888889,0.2152777777777778,550,0.5689655172413793
2024,weak,new_w50_cap800,411,555.0,639.4,1.1521549549549548,0.6721713742082525,1.7316779222381298,0.6131086142322097,0.299625468164794,1.6518958333333333,0.24305555555555555,490,0.463519313304721
2024,weak,new_w50_cap500,387,531.0,537.2,1.0116864406779662,0.5860406526689882,1.479860220697636,0.45370370370370366,0.3333333333333333,1.482484375,0.2847222222222222,370,0.0
2024,weak,new_w50_cap400,367,511.0,696.2,1.3623679060665361,0.6693442250279017,2.127273876363234,0.40044843049327355,0.34977578475336324,2.1071875,0.3541666666666667,310,0.0
2024,weak,new_w50_cap300,330,474.0,362.0,0.7637799314345992,0.4534748795755578,1.1144219296276345,0.44381720430107535,0.41397849462365593,0.9704225260416666,0.3194444444444444,240,0.0
2024,weak,new_w100_cap500,382,526.0,565.5,1.075134980988593,0.5503343874675005,1.6292427646699958,0.526470588235294,0.3487394957983193,1.528545138888889,0.3125,380,0.0
2024,weak,new_w0_cap500,391,527.0,25.2,0.0478358633776092,-0.16747554119906002,0.35858472734870117,0.04019607843137256,0.27058823529411763,0.0549981617647059,0.21323529411764705,310,0.0
2024,same,old_rawEV_nocap,388,532.0,-149.1,-0.2803007518796993,-0.5804807493300987,0.048508846554142525,-0.13811475409836063,0.11475409836065574,-0.40076388888888886,0.04861111111111111,740,0.9437869822485208
2024,same,mkt50_nocap,401,545.0,-81.7,-0.14985057339449537,-0.34293694019709153,0.05352177650780568,-0.17762645914396888,0.33073929961089493,-0.125064453125,0.2708333333333333,135,0.0
2024,same,new_w50_nocap,405,549.0,-135.6,-0.24699453551912562,-0.5575773004256362,0.16998140659769145,-0.06072796934865898,0.12260536398467432,-0.41579861111111116,0.04861111111111111,690,0.8427128427128427
2024,same,new_w50_cap800,407,551.0,-43.1,-0.07813974591651542,-0.32844977469981307,0.2220755847447862,-0.06444866920152091,0.13688212927756654,-0.09064236111111114,0.0763888888888889,610,0.7798561151079136
2024,same,new_w50_cap500,385,529.0,-47.5,-0.08984640831758031,-0.3426834256959632,0.15854677754677748,0.0004149377593361055,0.21161825726141079,-0.16537760416666666,0.1597222222222222,400,0.0
2024,same,new_w50_cap400,367,511.0,16.7,0.03270939334637961,-0.3478229597329888,0.4415847884935199,-0.09170403587443945,0.2242152466367713,0.12904340277777773,0.1527777777777778,330,0.0
2024,same,new_w50_cap300,331,475.0,-97.7,-0.20576184210526313,-0.41759232168025767,0.052066233216245296,-0.06791443850267379,0.2727272727272727,-0.29526692708333335,0.2152777777777778,245,0.0
2024,same,new_w100_cap500,376,520.0,94.3,0.18127884615384612,-0.20805566689408153,0.6293151856577073,0.018318965517241395,0.19827586206896552,0.3125520833333333,0.1388888888888889,440,0.0
2024,same,new_w0_cap500,382,510.0,-22.4,-0.04401642156862745,-0.32957586472929173,0.29009122080039423,-0.2110236220472441,0.2283464566929134,0.12168603515625,0.2109375,270,0.0
2024,rich,old_rawEV_nocap,399,543.0,282.8,0.5208683241252303,-0.4872258267195766,1.7123936578914332,-0.1462745098039216,0.11372549019607843,1.1115677083333335,0.04861111111111111,740,0.7874818049490538
2024,rich,mkt50_nocap,408,552.0,-92.4,-0.167421875,-0.3293389728047182,0.0008807661083355628,-0.047159090909090914,0.3712121212121212,-0.2776627604166666,0.2847222222222222,140,0.0
2024,rich,new_w50_nocap,400,544.0,103.9,0.19095588235294128,-0.41286642162615744,0.9598532431405074,0.012890624999999996,0.14453125,0.3492361111111113,0.08333333333333333,690,0.7412790697674418
2024,rich,new_w50_cap800,396,540.0,-10.6,-0.019722222222222207,-0.33490877878255737,0.36003618730776443,-0.11607142857142859,0.1626984126984127,0.06458333333333337,0.125,540,0.564327485380117
2024,rich,new_w50_cap500,364,508.0,186.3,0.3667992125984252,-0.09705670129024621,0.8851608062059775,0.08545454545454546,0.24545454545454545,0.5817152777777779,0.1527777777777778,360,0.0
2024,rich,new_w50_cap400,349,493.0,19.2,0.039006592292089276,-0.22071179387755102,0.3194978707414829,0.028536585365853642,0.2682926829268293,0.04645920138888891,0.2361111111111111,290,0.0
2024,rich,new_w50_cap300,336,480.0,-111.6,-0.23250260416666665,-0.40665145980913026,-0.040223325581981544,-0.06901041666666666,0.2916666666666667,-0.34149739583333333,0.2152777777777778,230,0.0
2024,rich,new_w100_cap500,367,511.0,203.7,0.3986917808219178,-0.10059515407055712,0.9542499949111009,0.05896860986547084,0.2242152466367713,0.6617413194444445,0.1736111111111111,390,0.0
2024,rich,new_w0_cap500,355,467.0,57.6,0.1232719486081371,-0.22718120323900579,0.5114005195366712,-0.019341563786008212,0.2880658436213992,0.2779821428571429,0.19642857142857142,270,0.0
2024,sharp,old_rawEV_nocap,395,539.0,-356.5,-0.6614192949907236,-0.8488188004956974,-0.4164659915957596,-0.6462151394422311,0.03187250996015936,-0.6746701388888889,0.027777777777777776,990,0.8799414348462665
2024,sharp,mkt50_nocap,391,535.0,-152.3,-0.284643691588785,-0.40181233381107,-0.16078668270566981,-0.16659919028340078,0.3319838056680162,-0.3858832465277778,0.2638888888888889,150,0.0
2024,sharp,new_w50_nocap,396,540.0,-378.3,-0.7005740740740742,-0.8222063309194646,-0.5580196761457683,-0.5533730158730158,0.06746031746031746,-0.8293750000000001,0.027777777777777776,850,0.7953216374269005
2024,sharp,new_w50_cap800,376,520.0,-246.6,-0.4742307692307693,-0.6457339607540801,-0.2611563588850174,-0.3769396551724138,0.11637931034482758,-0.5526041666666666,0.0625,530,0.5481927710843374
2024,sharp,new_w50_cap500,369,513.0,-260.2,-0.5071978557504874,-0.6437214412245639,-0.36548059771293495,-0.3446666666666667,0.15555555555555556,-0.6341753472222221,0.09027777777777778,340,0.0
2024,sharp,new_w50_cap400,353,497.0,-264.6,-0.5323460764587525,-0.6839307692307692,-0.3677546970746971,-0.3940191387559808,0.16267942583732056,-0.6327291666666668,0.09722222222222222,285,0.0
2024,sharp,new_w50_cap300,328,472.0,-165.9,-0.35146292372881355,-0.5593309781146578,-0.10910188333704135,-0.2880434782608696,0.23369565217391305,-0.3919809027777778,0.1597222222222222,225,0.0
2024,sharp,new_w100_cap500,361,505.0,-303.1,-0.600210396039604,-0.7068179560499745,-0.4845844766260163,-0.42857142857142855,0.1336405529953917,-0.7295355902777777,0.05555555555555555,370,0.0
2024,sharp,new_w0_cap500,350,462.0,6.7,0.014531926406926417,-0.2613494164907342,0.32088454675231975,0.029621848739495808,0.29411764705882354,-0.0015011160714286098,0.19642857142857142,265,0.0
2025,weak,old_rawEV_nocap,411,555.0,743.9,1.3403143018018018,0.5914847724427061,2.177159839500316,0.547191011235955,0.299625468164794,2.0756056857638887,0.25,410,0.3562231759656652
2025,weak,mkt50_nocap,422,566.0,283.1,0.500157906360424,0.15347841994968295,0.8732541402415307,0.14046762589928055,0.4172661870503597,0.8473589409722222,0.4305555555555556,170,0.0
2025,weak,new_w50_nocap,397,541.0,217.3,0.4017190388170055,-0.015135426818278896,0.8025359048245896,0.5632411067193676,0.2608695652173913,0.2598263888888889,0.16666666666666666,520,0.5401459854014599
2025,weak,new_w50_cap800,399,543.0,342.1,0.6299781307550645,0.14813687736516562,1.1890110329673163,0.4178431372549019,0.2627450980392157,0.8178059895833334,0.16666666666666666,480,0.45269286754002913
2025,weak,new_w50_cap500,386,530.0,483.1,0.9115474056603774,0.209899496488589,1.6663567348710309,0.3714876033057852,0.30991735537190085,1.36534765625,0.2222222222222222,370,0.0
2025,weak,new_w50_cap400,374,518.0,337.3,0.6512497586872587,0.21366975399252836,1.150487033971406,0.0697826086956522,0.26521739130434785,1.1156158854166667,0.24305555555555555,320,0.0
2025,weak,new_w50_cap300,342,486.0,309.4,0.6367012602880658,0.23423625558179864,1.0322127092050206,0.14772727272727273,0.3484848484848485,0.9728708767361111,0.3194444444444444,240,0.0
2025,weak,new_w100_cap500,387,531.0,583.8,1.099527306967985,0.5492096832084894,1.7385169209728093,0.42325102880658433,0.31275720164609055,1.6701354166666669,0.24305555555555555,370,0.0
2025,weak,new_w0_cap500,399,543.0,-41.2,-0.07585589318600366,-0.3676704262371928,0.2359592323327079,-0.00980392156862745,0.27058823529411763,-0.13433940972222222,0.1736111111111111,330,0.0
2025,same,old_rawEV_nocap,373,507.0,-90.5,-0.17857001972386585,-0.5121804098760859,0.24510141762452087,-0.007949790794979058,0.1297071129707113,-0.33072761194029854,0.07462686567164178,720,0.9609984399375975
2025,same,mkt50_nocap,410,554.0,20.2,0.03652008122743683,-0.16108885122349048,0.24389110216627616,-0.059962406015037606,0.37593984962406013,0.1256323784722222,0.3611111111111111,140,0.0
2025,same,new_w50_nocap,391,535.0,-67.9,-0.12683177570093457,-0.44190483928065705,0.20871361465892102,0.17975708502024287,0.17408906882591094,-0.38977430555555553,0.06944444444444445,700,0.8350515463917526
2025,same,new_w50_cap800,389,533.0,-132.3,-0.24824577861163227,-0.490718814556932,0.008478263376383742,0.0008163265306122565,0.17551020408163265,-0.4601215277777777,0.0625,610,0.7562776957163959
2025,same,new_w50_cap500,381,525.0,-45.3,-0.08635761904761904,-0.373553992830379,0.22701952815048687,0.03649789029535866,0.2320675105485232,-0.1874574652777777,0.11805555555555555,390,0.0
2025,same,new_w50_cap400,365,509.0,136.6,0.2684312377210216,-0.15339917652357826,0.7580193707844888,0.005203619909502248,0.2579185520361991,0.47042187499999993,0.2222222222222222,320,0.0
2025,same,new_w50_cap300,341,485.0,47.4,0.09776250000000006,-0.2627721875,0.5402917875,0.10431472081218275,0.3350253807106599,0.09328059895833339,0.2013888888888889,235,0.0
2025,same,new_w100_cap500,374,518.0,-129.9,-0.2508011583011583,-0.3869210887734816,-0.11927858689400861,0.03804347826086955,0.20434782608695654,-0.4814756944444445,0.08333333333333333,450,0.0
2025,same,new_w0_cap500,396,532.0,-40.0,-0.07522697368421055,-0.2637858179701399,0.09219715892968613,-0.008846153846153842,0.27307692307692305,-0.13867922794117646,0.20588235294117646,295,0.0
2025,rich,old_rawEV_nocap,389,533.0,-161.4,-0.3027392120075047,-0.5234594752934876,-0.0683277192468187,-0.048571428571428564,0.1469387755102041,-0.5189583333333334,0.09027777777777778,770,0.8227474150664698
2025,rich,mkt50_nocap,399,543.0,17.3,0.03177198434622466,-0.1818206638246546,0.2504439620175306,-0.06176470588235294,0.3764705882352941,0.11459092881944444,0.4305555555555556,140,0.0
2025,rich,new_w50_nocap,400,544.0,-91.2,-0.1677251838235294,-0.42524074074074075,0.11338676703157087,-0.08085937500000001,0.15625,-0.24493923611111107,0.09027777777777778,660,0.7078488372093024
2025,rich,new_w50_cap800,390,534.0,-8.7,-0.016249999999999976,-0.18897331959970406,0.1587932190463797,0.2186991869918699,0.21544715447154472,-0.21693576388888883,0.125,500,0.49557522123893805
2025,rich,new_w50_cap500,367,511.0,154.4,0.30215019569471613,-0.16608170490186258,0.882647580830524,0.021748878923766802,0.24663677130044842,0.5192664930555555,0.16666666666666666,350,0.0
2025,rich,new_w50_cap400,358,502.0,161.5,0.32170567729083666,-0.06977985945978904,0.7522914884373942,0.14883177570093456,0.3130841121495327,0.4501605902777777,0.25,280,0.0
2025,rich,new_w50_cap300,338,482.0,93.6,0.1941438018672199,-0.11955432471829137,0.5511136959876543,0.05154639175257734,0.31958762886597936,0.29019900173611113,0.3125,220,0.0
2025,rich,new_w100_cap500,369,513.0,132.5,0.2583287037037037,-0.11677344654922778,0.697627816347364,0.02644444444444446,0.22666666666666666,0.43948828125,0.14583333333333334,380,0.0
2025,rich,new_w0_cap500,388,532.0,44.4,0.08338698308270677,-0.2820233864915572,0.5516198145224901,0.027663934426229487,0.2786885245901639,0.13059678819444442,0.20833333333333334,270,0.0
2025,sharp,old_rawEV_nocap,388,532.0,-421.8,-0.7928571428571429,-0.8964559567684567,-0.6903519722363298,-0.5655737704918032,0.05327868852459016,-0.9854166666666667,0.006944444444444444,1000,0.908284023668639
2025,sharp,mkt50_nocap,388,532.0,-82.8,-0.15559539473684209,-0.2950407049823162,-0.012929422938853683,-0.22110655737704918,0.3073770491803279,-0.10009288194444446,0.3333333333333333,145,0.0
2025,sharp,new_w50_nocap,393,537.0,-402.6,-0.7496461824953445,-0.8530808207089278,-0.6366166757632612,-0.515863453815261,0.08433734939759036,-0.9517708333333333,0.020833333333333332,730,0.7415565345080763
2025,sharp,new_w50_cap800,381,525.0,-231.2,-0.4403190476190476,-0.6518422530375569,-0.21596993269313217,-0.3253164556962025,0.1308016877637131,-0.5349565972222222,0.06944444444444445,500,0.49177877428998507
2025,sharp,new_w50_cap500,355,499.0,-101.2,-0.202814629258517,-0.5777377954682325,0.299501842687747,-0.33791469194312795,0.16587677725118483,-0.10383506944444447,0.10416666666666667,340,0.0
2025,sharp,new_w50_cap400,351,495.0,-76.4,-0.15428484848484847,-0.421620140865111,0.16501345480924345,-0.33260869565217394,0.18840579710144928,-0.026114583333333313,0.1388888888888889,260,0.0
2025,sharp,new_w50_cap300,335,479.0,23.5,0.04900782881002091,-0.26918489593259987,0.3735317214036908,-0.3081151832460733,0.225130890052356,0.28584982638888906,0.2569444444444444,215,0.0
2025,sharp,new_w100_cap500,354,498.0,-179.1,-0.35973142570281125,-0.6966082739726028,0.06177120765832082,-0.4323809523809524,0.12857142857142856,-0.3067578125,0.09027777777777778,370,0.0
2025,sharp,new_w0_cap500,373,509.0,40.4,0.07933632121807466,-0.22933826337524654,0.39806069436871555,0.01751054852320673,0.2911392405063291,0.13320657169117645,0.20588235294117646,260,0.0
